{"chunks": [{"start": 238, "ok": 0, "time": 49.830440282821655}, {"start": 250, "ok": 0, "time": 54.44635200500488}, {"start": 262, "ok": 0, "time": 54.52321648597717}], "total_inspected": 238}